INSERT INTO public.role (id, name, description) VALUES (1, 'ROLE_EDIT_APPOINTMENT', 'Permission to edit appointments');
INSERT INTO public.role (id, name, description) VALUES (2, 'ROLE_DELETE_APPOINTMENT', 'Permission to delete appointments');
INSERT INTO public.role (id, name, description) VALUES (3, 'ROLE_CREATE_APPOINTMENT', 'Permission to create appointment');
INSERT INTO public.role (id, name, description) VALUES (4, 'ROLE_VIEW_APPOINTMENT', 'Permission to view appointment ');
INSERT INTO public.role (id, name, description) VALUES (5, 'ROLE_DELETE_MACHINE', 'Permission to delete machines from the system');

INSERT INTO public.technician (id, qualification) VALUES (1, 'Senior');
INSERT INTO public.technician (id, qualification) VALUES (2, 'Junior');

INSERT INTO public."user" (id, username, password, firstname, lastname, group_id, hash) VALUES (1, 'admin', '5fb5ad3a3c8b3df44d847d1200484a74b894a58e9281c2adde8a1d2f4f8f93d88dbe1114e8476ab2df2df54f5799706ddfea1c1cf3b9cc8b4ae6cfd916926e2b', 'Evan', 'Cranney [Staff]', 1, 'a7f3e46698545f24b5e9fe628256f5cd');
INSERT INTO public."user" (id, username, password, firstname, lastname, group_id, hash) VALUES (2, 'tech', 'ea894e245ff11c93de898c1cdbab5bdd2f871c3cd840e86f47e5a97ccefcbb90a7a87aa6e7bb6c6c54e33292cc1208c8e38554a02da285daa2cbf3210e65b644', 'Robert', 'Nero [Tech]', 2, '9e550755fc5e9029cb1a71f5c3f466d0');
INSERT INTO public."user" (id, username, password, firstname, lastname, group_id, hash) VALUES (3, 'radiol', '0c9e5cbccb9e40d02ef9a91902f3d42daabfda651f42f82870f683df5f2db9464c6f7cbbfe12c9d7671a97bf6c9d6f3924c6079c4a28b3d7bb11781a52789f3e', 'Tom', 'Hanks [Radiologist]', 3, '5807889881647799f0c57ff7cef73658');

INSERT INTO public.address (id, unit_no, street_no, street_name, city, state, post_code) VALUES (6, 23, 0, '2226 Massachusetts Avenue', 'Cambridge', 'Massachusetts', 2140);
INSERT INTO public.address (id, unit_no, street_no, street_name, city, state, post_code) VALUES (58, 33, 0, '92 Station Street', 'Carlton', 'Buenos Aires', 3053);
INSERT INTO public.address (id, unit_no, street_no, street_name, city, state, post_code) VALUES (19, 22, 0, '92 Station Street', 'Carlton', 'Buenos Aires', 3053);
INSERT INTO public.address (id, unit_no, street_no, street_name, city, state, post_code) VALUES (10, 22, 0, '2095 3rd Avenue', 'New York Test', 'New York', 10029);
INSERT INTO public.address (id, unit_no, street_no, street_name, city, state, post_code) VALUES (14, 22, 0, '92 Station Street', 'Carlton', 'Buenos Aires', 3053);
INSERT INTO public.address (id, unit_no, street_no, street_name, city, state, post_code) VALUES (25, 2, 0, '92 Station Street', 'Carlton', 'VIC', 3053);
INSERT INTO public.address (id, unit_no, street_no, street_name, city, state, post_code) VALUES (60, 22, 0, '2225 Massachusetts Avenue', 'Cambridge', 'Massachusetts', 2140);
INSERT INTO public.address (id, unit_no, street_no, street_name, city, state, post_code) VALUES (59, 22, 0, '92 Station Street', 'Carlton', 'VIC', 3053);
INSERT INTO public.address (id, unit_no, street_no, street_name, city, state, post_code) VALUES (57, 111, 0, '92 Station Street', 'Carlton', 'VIC', 3053);
INSERT INTO public.address (id, unit_no, street_no, street_name, city, state, post_code) VALUES (7, 33, 0, '353 Greenwich Street', 'New York', 'New York', 10013);
INSERT INTO public.address (id, unit_no, street_no, street_name, city, state, post_code) VALUES (1, 2, 0, '3333 14th Street Northwest', 'Washington', 'District of Columbia', 20010);
INSERT INTO public.address (id, unit_no, street_no, street_name, city, state, post_code) VALUES (13, 22, 0, '92 Station Street', 'Carlton', 'Buenos Aires', 3053);
INSERT INTO public.address (id, unit_no, street_no, street_name, city, state, post_code) VALUES (8, 3333, 0, '333 Ballarat Road', 'Braybrook', 'Victoria', 3019);
INSERT INTO public.address (id, unit_no, street_no, street_name, city, state, post_code) VALUES (11, 22, 0, '92 Station Street', 'Carlton', 'VIC', 3053);
INSERT INTO public.address (id, unit_no, street_no, street_name, city, state, post_code) VALUES (21, 23, 0, '92 Station Street', 'Carlton', 'VIC', 3053);
INSERT INTO public.address (id, unit_no, street_no, street_name, city, state, post_code) VALUES (17, 22, 0, '92 Station Street', 'Carlton', 'Buenos Aires', 3053);
INSERT INTO public.address (id, unit_no, street_no, street_name, city, state, post_code) VALUES (9, 22, 0, '2095 3rd Avenue', 'New York Test', 'New York', 10029);
INSERT INTO public.address (id, unit_no, street_no, street_name, city, state, post_code) VALUES (24, 22, 0, '2222 U.S. 1', 'Vero Beach', 'Florida', 32960);
INSERT INTO public.address (id, unit_no, street_no, street_name, city, state, post_code) VALUES (20, 22, 0, '92 Station Street', 'Carlton', 'Buenos Aires', 3053);
INSERT INTO public.address (id, unit_no, street_no, street_name, city, state, post_code) VALUES (23, 29, 0, '2212 Avenida Corrientes', 'CDN', 'Buenos Aires', 2992);
INSERT INTO public.address (id, unit_no, street_no, street_name, city, state, post_code) VALUES (3, 44, 0, '2095 3rd Avenue', 'New York', 'New York', 10029);
INSERT INTO public.address (id, unit_no, street_no, street_name, city, state, post_code) VALUES (2, 33, 0, '353 Greenwich Street', 'New York', 'New York', 10013);
INSERT INTO public.address (id, unit_no, street_no, street_name, city, state, post_code) VALUES (4, 33, 0, '353 Greenwich Street', 'New York', 'New York', 10013);
INSERT INTO public.address (id, unit_no, street_no, street_name, city, state, post_code) VALUES (5, 23, 0, '2226 Massachusetts Avenue', 'Cambridge', 'Massachusetts', 2140);
INSERT INTO public.address (id, unit_no, street_no, street_name, city, state, post_code) VALUES (56, 11, 0, '92 Station Street', 'Carlton', 'VIC', 3053);
INSERT INTO public.address (id, unit_no, street_no, street_name, city, state, post_code) VALUES (22, 23, 0, '92 Station Street', 'Carlton', 'VIC', 3053);
INSERT INTO public.address (id, unit_no, street_no, street_name, city, state, post_code) VALUES (15, 22, 0, '92 Station Street', 'Carlton', 'Buenos Aires', 3053);
INSERT INTO public.address (id, unit_no, street_no, street_name, city, state, post_code) VALUES (16, 22, 0, '92 Station Street', 'Carlton', 'Buenos Aires', 3053);
INSERT INTO public.address (id, unit_no, street_no, street_name, city, state, post_code) VALUES (18, 22, 0, '92 Station Street', 'Carlton', 'Buenos Aires', 3053);
INSERT INTO public.address (id, unit_no, street_no, street_name, city, state, post_code) VALUES (12, 22, 0, '92 Station Street', 'Carlton', 'VIC', 3053);


INSERT INTO public.appointment (id, date, patient_id, technician_id, state, report) VALUES (46, '2018-09-07 07:35:00.000000', 13, 0, 'FUTURE', null);
INSERT INTO public.appointment (id, date, patient_id, technician_id, state, report) VALUES (45, '2020-12-16 09:45:00.000000', 51, 0, 'FUTURE', null);
INSERT INTO public.appointment (id, date, patient_id, technician_id, state, report) VALUES (49, '2018-09-13 10:50:00.000000', 15, 0, 'FUTURE', null);
INSERT INTO public.appointment (id, date, patient_id, technician_id, state, report) VALUES (52, '2018-10-17 10:50:00.000000', 19, 0, 'FUTURE', null);
INSERT INTO public.appointment (id, date, patient_id, technician_id, state, report) VALUES (54, '2018-10-19 10:50:00.000000', 19, 0, 'FUTURE', null);
INSERT INTO public.appointment (id, date, patient_id, technician_id, state, report) VALUES (55, '2018-10-20 11:55:00.000000', 10, 0, 'FUTURE', null);
INSERT INTO public.appointment (id, date, patient_id, technician_id, state, report) VALUES (56, '2018-10-17 10:50:00.000000', 14, 0, 'FUTURE', null);
INSERT INTO public.appointment (id, date, patient_id, technician_id, state, report) VALUES (57, '2018-10-17 09:45:00.000000', 12, 0, 'FUTURE', null);
INSERT INTO public.appointment (id, date, patient_id, technician_id, state, report) VALUES (58, '2018-10-11 06:30:00.000000', 25, 0, 'FUTURE', null);
INSERT INTO public.appointment (id, date, patient_id, technician_id, state, report) VALUES (50, '2018-09-14 11:55:00.000000', 52, 0, 'FUTURE', null);
INSERT INTO public.appointment (id, date, patient_id, technician_id, state, report) VALUES (51, '2018-09-06 06:30:00.000000', 7, 0, 'FUTURE', null);
INSERT INTO public.appointment (id, date, patient_id, technician_id, state, report) VALUES (53, '2018-10-11 06:30:00.000000', 16, 0, 'FUTURE', null);
INSERT INTO public.appointment (id, date, patient_id, technician_id, state, report) VALUES (48, '2018-09-14 12:15:00.000000', 12, 0, 'FUTURE', null);

INSERT INTO public.appointment_machine (id, appointment_id, machine_id) VALUES (49, 54, 2);
INSERT INTO public.appointment_machine (id, appointment_id, machine_id) VALUES (50, 55, 2);
INSERT INTO public.appointment_machine (id, appointment_id, machine_id) VALUES (51, 56, 2);
INSERT INTO public.appointment_machine (id, appointment_id, machine_id) VALUES (52, 57, 2);
INSERT INTO public.appointment_machine (id, appointment_id, machine_id) VALUES (53, 58, 2);
INSERT INTO public.appointment_machine (id, appointment_id, machine_id) VALUES (55, 50, 1);
INSERT INTO public.appointment_machine (id, appointment_id, machine_id) VALUES (56, 50, 3);
INSERT INTO public.appointment_machine (id, appointment_id, machine_id) VALUES (57, 51, 2);
INSERT INTO public.appointment_machine (id, appointment_id, machine_id) VALUES (58, 51, 3);
INSERT INTO public.appointment_machine (id, appointment_id, machine_id) VALUES (71, 53, 1);
INSERT INTO public.appointment_machine (id, appointment_id, machine_id) VALUES (72, 53, 3);
INSERT INTO public.appointment_machine (id, appointment_id, machine_id) VALUES (77, 48, 3);
INSERT INTO public.appointment_machine (id, appointment_id, machine_id) VALUES (78, 48, 1);
INSERT INTO public.appointment_machine (id, appointment_id, machine_id) VALUES (38, 45, 1);
INSERT INTO public.appointment_machine (id, appointment_id, machine_id) VALUES (39, 46, 1);
INSERT INTO public.appointment_machine (id, appointment_id, machine_id) VALUES (37, 45, 2);
INSERT INTO public.appointment_machine (id, appointment_id, machine_id) VALUES (42, 49, 1);
INSERT INTO public.appointment_machine (id, appointment_id, machine_id) VALUES (43, 52, 1);

INSERT INTO public."group" (id, name, description) VALUES (1, 'RECEPTIONIST', 'Support Staff (Administrators, IT staff)');
INSERT INTO public."group" (id, name, description) VALUES (2, 'TECHNICIAN', 'Technicians (Radiographers, Sonographers)');
INSERT INTO public."group" (id, name, description) VALUES (3, 'RADIOLOGIST', 'Medical Specialists (Radiologists)');

INSERT INTO public.group_role (group_id, role_id) VALUES (1, 1);
INSERT INTO public.group_role (group_id, role_id) VALUES (1, 2);
INSERT INTO public.group_role (group_id, role_id) VALUES (1, 3);
INSERT INTO public.group_role (group_id, role_id) VALUES (1, 4);

INSERT INTO public.machine (id, type, serial_code) VALUES (1, 'XRAY', 'XRAY2222');
INSERT INTO public.machine (id, type, serial_code) VALUES (2, 'CAT', 'CAT3002');
INSERT INTO public.machine (id, type, serial_code) VALUES (3, 'MRI', 'MRI2230');

INSERT INTO public.patient (id, first_name, last_name, address_id, phone, medicare_no, email) VALUES (18, 'Maryrose', 'Brey', 18, '(538) 611-4102', '6619319101/1', 'erc@pobox.com');
INSERT INTO public.patient (id, first_name, last_name, address_id, phone, medicare_no, email) VALUES (16, 'Keila', 'Crabill', 16, '(267) 836-4993', '3253216081/1', 'tjnichols@fsbdial.co.uk');
INSERT INTO public.patient (id, first_name, last_name, address_id, phone, medicare_no, email) VALUES (1, 'Imasha', 'Hoglend', 1, '(731) 412-1109', '2296641821/1', 'stehlyja@1mawmag12.usmc.mil');
INSERT INTO public.patient (id, first_name, last_name, address_id, phone, medicare_no, email) VALUES (12, 'Georgine', 'Estill', 12, '(811) 219-5847', '2595496991/1', 'daniel.hiestand@3-a.ch');
INSERT INTO public.patient (id, first_name, last_name, address_id, phone, medicare_no, email) VALUES (19, 'Michiko', 'Everhart', 19, '(688) 776-2295', '2878608541/1', 'jbloore@aol.com');
INSERT INTO public.patient (id, first_name, last_name, address_id, phone, medicare_no, email) VALUES (17, 'Rueben', 'Cousineau', 17, '(822) 315-8813', '5390859031/1', 'mcgregor@uwo.ca');
INSERT INTO public.patient (id, first_name, last_name, address_id, phone, medicare_no, email) VALUES (2, 'Rosaure', 'Bash', 2, '(586) 762-9142', '4656929271/1', 'tamtruong99@yahoo.com');
INSERT INTO public.patient (id, first_name, last_name, address_id, phone, medicare_no, email) VALUES (10, 'Belle', 'Guil', 10, '(586) 762-9142', '5135100781/1', 'yvonne.deboer@international.gc.ca');
INSERT INTO public.patient (id, first_name, last_name, address_id, phone, medicare_no, email) VALUES (3, 'Adalberto', 'Shewmake', 3, '(297) 940-4533', '5812599721/1', 'milan@eim.ae');
INSERT INTO public.patient (id, first_name, last_name, address_id, phone, medicare_no, email) VALUES (5, 'Dana', 'Kysar', 5, '(843) 927-6053', '5428956901/1', 'michael_warder@msn.com');
INSERT INTO public.patient (id, first_name, last_name, address_id, phone, medicare_no, email) VALUES (9, 'Evan', 'Cranney', 9, '(608) 282-2417', '5400690281/1', 'eve@thecsrgroup.com');
INSERT INTO public.patient (id, first_name, last_name, address_id, phone, medicare_no, email) VALUES (4, 'Lynda', 'Simon', 4, '(336) 888-2577', '4767351321/1', 'gary_san@yahoo.com');
INSERT INTO public.patient (id, first_name, last_name, address_id, phone, medicare_no, email) VALUES (20, 'Hope', 'Stanford', 20, '(355) 706-2897', '6329198951/1', 'clarkfa@2mawnr.usmc.mil');
INSERT INTO public.patient (id, first_name, last_name, address_id, phone, medicare_no, email) VALUES (14, 'Evangelina', 'Seibel', 14, '(506) 885-5457', '2041239941/1', 'Sinister13thUrge@aol.com');
INSERT INTO public.patient (id, first_name, last_name, address_id, phone, medicare_no, email) VALUES (23, 'Risa', 'Crail', 23, '(609) 972-9478', '4898825481/1', 'jgranos@hotmail.com');
INSERT INTO public.patient (id, first_name, last_name, address_id, phone, medicare_no, email) VALUES (11, 'Phoebe', 'Baran', 11, '(610) 846-6831', '5856554511/1', 'dale_turner@scotiacapital.com');
INSERT INTO public.patient (id, first_name, last_name, address_id, phone, medicare_no, email) VALUES (24, 'Rueben', 'Everhart', 24, '(297) 588-6670', '5325895211/1', 'acbortree@yahoo.com');
INSERT INTO public.patient (id, first_name, last_name, address_id, phone, medicare_no, email) VALUES (21, 'Alison', 'Alvey', 21, '(752) 939-1496', '2243745341/1', 'kangrc@gmail.com');
INSERT INTO public.patient (id, first_name, last_name, address_id, phone, medicare_no, email) VALUES (6, 'Brigette', 'Spath', 6, '(336) 959-0659', '4373502081/1', 'arif@alfalahsec.com');
INSERT INTO public.patient (id, first_name, last_name, address_id, phone, medicare_no, email) VALUES (8, 'Kerri', 'Fillice', 8, '(731) 412-1109', '2269951481/1', 'racorrea@mre.gov.br');
INSERT INTO public.patient (id, first_name, last_name, address_id, phone, medicare_no, email) VALUES (13, 'Edmund', 'Saturday', 13, '(452) 406-0166', '3340513451/1', 'sparkzilla@cableone.net');
INSERT INTO public.patient (id, first_name, last_name, address_id, phone, medicare_no, email) VALUES (54, 'Shalitha', 'Karunatilleke', 59, '479141428', '4656929171/1', 'shalithakaru@gmail.com');
INSERT INTO public.patient (id, first_name, last_name, address_id, phone, medicare_no, email) VALUES (25, 'Imasha', 'Karunatilleke', 25, '(811) 219-5847', '6619319102/1', 'imasha@hmil.com');
INSERT INTO public.patient (id, first_name, last_name, address_id, phone, medicare_no, email) VALUES (51, 'Sajitha', 'Karunatilleke', 56, '(731) 412-1109', '2296641822/1', 'shalithakaru@gmail.com');
INSERT INTO public.patient (id, first_name, last_name, address_id, phone, medicare_no, email) VALUES (55, 'Barack', 'Obama', 60, '479141428', '4656999991/1', 'shalithakaru@gmail.com');
INSERT INTO public.patient (id, first_name, last_name, address_id, phone, medicare_no, email) VALUES (53, 'Rajitha Weerakoon', 'Guil', 58, '5867629142', '4656111111/1', 'yvonne.deboer@international.gc.ca');
INSERT INTO public.patient (id, first_name, last_name, address_id, phone, medicare_no, email) VALUES (22, 'Rajitha', 'Karunatilleke', 22, '(758) 255-2515', '4339817501/1', 'outremere@comcast.net');
INSERT INTO public.patient (id, first_name, last_name, address_id, phone, medicare_no, email) VALUES (15, 'Shalitha', 'Weerakoon', 15, '(352) 512-7901', '2622110791/1', 'cyber_zac52@hotmail.com');
INSERT INTO public.patient (id, first_name, last_name, address_id, phone, medicare_no, email) VALUES (52, 'Shalitha', 'Karunatilleke', 57, '(731) 412-1109', '4656929272/1', 'shalithakaru@gmail.com');
INSERT INTO public.patient (id, first_name, last_name, address_id, phone, medicare_no, email) VALUES (7, 'Devora', 'Socia', 7, '(941) 423-7168', '3911507371/1', 'hsa@uzsi.cz');